{
    "loss": 29.946683883666992,
    "accuracy": 0.5686274766921997
}